{
  "board_type": "aruco_board",
  "coordinate_units": "mm",
  "coordinate_frame": "x_right_y_down_z_away_from_screen",
  "coordinate_origin": "board_center",
  "family": "36h11",
  "dictionary_id": 20,
  "ids_order": [
    "top_left",
    "top_right",
    "bottom_left",
    "bottom_right",
    "center"
  ],
  "ids": [
    41,
    42,
    43,
    44,
    45
  ],
  "resolution_px": {
    "width": 1920,
    "height": 1080
  },
  "monitor_diagonal_in": 39.5,
  "mm_per_px": 0.4554436127068022,
  "tag_size_px": 480,
  "tag_size_mm": 218.6129340992651,
  "tag_size_mm_by_id": {
    "41": 218.6129340992651,
    "42": 218.6129340992651,
    "43": 218.6129340992651,
    "44": 218.6129340992651,
    "45": 218.6129340992651
  },
  "obj_points": [
    [
      [
        -419.008123690258,
        -227.72180635340112,
        0.0
      ],
      [
        -200.39518959099297,
        -227.72180635340112,
        0.0
      ],
      [
        -200.39518959099297,
        -9.10887225413606,
        0.0
      ],
      [
        -419.008123690258,
        -9.10887225413606,
        0.0
      ]
    ],
    [
      [
        200.39518959099297,
        -227.72180635340112,
        0.0
      ],
      [
        419.00812369025806,
        -227.72180635340112,
        0.0
      ],
      [
        419.00812369025806,
        -9.10887225413606,
        0.0
      ],
      [
        200.39518959099297,
        -9.10887225413606,
        0.0
      ]
    ],
    [
      [
        -419.008123690258,
        9.108872254136031,
        0.0
      ],
      [
        -200.39518959099297,
        9.108872254136031,
        0.0
      ],
      [
        -200.39518959099297,
        227.7218063534011,
        0.0
      ],
      [
        -419.008123690258,
        227.7218063534011,
        0.0
      ]
    ],
    [
      [
        200.39518959099297,
        9.108872254136031,
        0.0
      ],
      [
        419.00812369025806,
        9.108872254136031,
        0.0
      ],
      [
        419.00812369025806,
        227.7218063534011,
        0.0
      ],
      [
        200.39518959099297,
        227.7218063534011,
        0.0
      ]
    ],
    [
      [
        -109.30646704963254,
        -109.30646704963254,
        0.0
      ],
      [
        109.30646704963254,
        -109.30646704963254,
        0.0
      ],
      [
        109.30646704963254,
        109.30646704963252,
        0.0
      ],
      [
        -109.30646704963254,
        109.30646704963252,
        0.0
      ]
    ]
  ],
  "placements_px": [
    {
      "id": 41,
      "x": 40,
      "y": 40,
      "tag_size_px": 480,
      "tag_size_mm": 218.6129340992651
    },
    {
      "id": 42,
      "x": 1400,
      "y": 40,
      "tag_size_px": 480,
      "tag_size_mm": 218.6129340992651
    },
    {
      "id": 43,
      "x": 40,
      "y": 560,
      "tag_size_px": 480,
      "tag_size_mm": 218.6129340992651
    },
    {
      "id": 44,
      "x": 1400,
      "y": 560,
      "tag_size_px": 480,
      "tag_size_mm": 218.6129340992651
    },
    {
      "id": 45,
      "x": 720,
      "y": 300,
      "tag_size_px": 480,
      "tag_size_mm": 218.6129340992651
    }
  ],
  "opencv_python_example": [
    "import cv2",
    "import numpy as np",
    "import json",
    "meta = json.load(open('board.json', 'r', encoding='utf-8'))",
    "dictionary = cv2.aruco.getPredefinedDictionary(meta['dictionary_id'])",
    "ids = np.array(meta['ids'], dtype=np.int32).reshape(-1, 1)",
    "obj_points = [np.array(p, dtype=np.float32) for p in meta['obj_points']]",
    "board = cv2.aruco.Board(obj_points, dictionary, ids)"
  ]
}
