{
  "board_type": "aruco_board",
  "coordinate_units": "mm",
  "coordinate_frame": "x_right_y_down_z_away_from_screen",
  "coordinate_origin": "board_center",
  "family": "36h11",
  "dictionary_id": 20,
  "ids_order": [
    "top_left",
    "top_right",
    "bottom_left",
    "bottom_right",
    "center"
  ],
  "ids": [
    31,
    32,
    33,
    34,
    35
  ],
  "resolution_px": {
    "width": 3840,
    "height": 2160
  },
  "monitor_diagonal_in": 54.5,
  "mm_per_px": 0.31419844167747746,
  "tag_size_px": 1020,
  "tag_size_mm": 320.482410511027,
  "tag_size_mm_by_id": {
    "31": 320.482410511027,
    "32": 320.482410511027,
    "33": 320.482410511027,
    "34": 320.482410511027,
    "35": 320.482410511027
  },
  "obj_points": [
    [
      [
        -590.6930703536576,
        -326.76637934457654,
        0.0
      ],
      [
        -270.21065984263055,
        -326.76637934457654,
        0.0
      ],
      [
        -270.21065984263055,
        -6.2839688335495225,
        0.0
      ],
      [
        -590.6930703536576,
        -6.2839688335495225,
        0.0
      ]
    ],
    [
      [
        270.21065984263066,
        -326.76637934457654,
        0.0
      ],
      [
        590.6930703536577,
        -326.76637934457654,
        0.0
      ],
      [
        590.6930703536577,
        -6.2839688335495225,
        0.0
      ],
      [
        270.21065984263066,
        -6.2839688335495225,
        0.0
      ]
    ],
    [
      [
        -590.6930703536576,
        6.283968833549579,
        0.0
      ],
      [
        -270.21065984263055,
        6.283968833549579,
        0.0
      ],
      [
        -270.21065984263055,
        326.7663793445766,
        0.0
      ],
      [
        -590.6930703536576,
        326.7663793445766,
        0.0
      ]
    ],
    [
      [
        270.21065984263066,
        6.283968833549579,
        0.0
      ],
      [
        590.6930703536577,
        6.283968833549579,
        0.0
      ],
      [
        590.6930703536577,
        326.7663793445766,
        0.0
      ],
      [
        270.21065984263066,
        326.7663793445766,
        0.0
      ]
    ],
    [
      [
        -160.24120525551342,
        -160.24120525551348,
        0.0
      ],
      [
        160.2412052555136,
        -160.24120525551348,
        0.0
      ],
      [
        160.2412052555136,
        160.24120525551353,
        0.0
      ],
      [
        -160.24120525551342,
        160.24120525551353,
        0.0
      ]
    ]
  ],
  "placements_px": [
    {
      "id": 31,
      "x": 40,
      "y": 40,
      "tag_size_px": 1020,
      "tag_size_mm": 320.482410511027
    },
    {
      "id": 32,
      "x": 2780,
      "y": 40,
      "tag_size_px": 1020,
      "tag_size_mm": 320.482410511027
    },
    {
      "id": 33,
      "x": 40,
      "y": 1100,
      "tag_size_px": 1020,
      "tag_size_mm": 320.482410511027
    },
    {
      "id": 34,
      "x": 2780,
      "y": 1100,
      "tag_size_px": 1020,
      "tag_size_mm": 320.482410511027
    },
    {
      "id": 35,
      "x": 1410,
      "y": 570,
      "tag_size_px": 1020,
      "tag_size_mm": 320.482410511027
    }
  ],
  "opencv_python_example": [
    "import cv2",
    "import numpy as np",
    "import json",
    "meta = json.load(open('board.json', 'r', encoding='utf-8'))",
    "dictionary = cv2.aruco.getPredefinedDictionary(meta['dictionary_id'])",
    "ids = np.array(meta['ids'], dtype=np.int32).reshape(-1, 1)",
    "obj_points = [np.array(p, dtype=np.float32) for p in meta['obj_points']]",
    "board = cv2.aruco.Board(obj_points, dictionary, ids)"
  ]
}
