{
  "board_type": "aruco_board",
  "coordinate_units": "mm",
  "coordinate_frame": "x_right_y_down_z_away_from_screen",
  "family": "36h11",
  "dictionary_id": 20,
  "ids_order": [
    "top_left",
    "top_right",
    "bottom_left",
    "bottom_right",
    "center"
  ],
  "ids": [
    31,
    32,
    33,
    34,
    35
  ],
  "resolution_px": {
    "width": 1920,
    "height": 1080
  },
  "monitor_diagonal_in": 29.5,
  "mm_per_px": 0.3401414322747004,
  "tag_size_px": 480,
  "tag_size_mm": 163.2678874918562,
  "obj_points": [
    [
      [
        13.605657290988017,
        13.605657290988017,
        0.0
      ],
      [
        176.8735447828442,
        13.605657290988017,
        0.0
      ],
      [
        176.8735447828442,
        176.8735447828442,
        0.0
      ],
      [
        13.605657290988017,
        176.8735447828442,
        0.0
      ]
    ],
    [
      [
        476.19800518458055,
        13.605657290988017,
        0.0
      ],
      [
        639.4658926764367,
        13.605657290988017,
        0.0
      ],
      [
        639.4658926764367,
        176.8735447828442,
        0.0
      ],
      [
        476.19800518458055,
        176.8735447828442,
        0.0
      ]
    ],
    [
      [
        13.605657290988017,
        190.47920207383223,
        0.0
      ],
      [
        176.8735447828442,
        190.47920207383223,
        0.0
      ],
      [
        176.8735447828442,
        353.7470895656884,
        0.0
      ],
      [
        13.605657290988017,
        353.7470895656884,
        0.0
      ]
    ],
    [
      [
        476.19800518458055,
        190.47920207383223,
        0.0
      ],
      [
        639.4658926764367,
        190.47920207383223,
        0.0
      ],
      [
        639.4658926764367,
        353.7470895656884,
        0.0
      ],
      [
        476.19800518458055,
        353.7470895656884,
        0.0
      ]
    ],
    [
      [
        244.90183123778428,
        102.04242968241012,
        0.0
      ],
      [
        408.16971872964046,
        102.04242968241012,
        0.0
      ],
      [
        408.16971872964046,
        265.3103171742663,
        0.0
      ],
      [
        244.90183123778428,
        265.3103171742663,
        0.0
      ]
    ]
  ],
  "placements_px": [
    {
      "id": 31,
      "x": 40,
      "y": 40
    },
    {
      "id": 32,
      "x": 1400,
      "y": 40
    },
    {
      "id": 33,
      "x": 40,
      "y": 560
    },
    {
      "id": 34,
      "x": 1400,
      "y": 560
    },
    {
      "id": 35,
      "x": 720,
      "y": 300
    }
  ],
  "opencv_python_example": [
    "import cv2",
    "import numpy as np",
    "import json",
    "meta = json.load(open('board.json', 'r', encoding='utf-8'))",
    "dictionary = cv2.aruco.getPredefinedDictionary(meta['dictionary_id'])",
    "ids = np.array(meta['ids'], dtype=np.int32).reshape(-1, 1)",
    "obj_points = [np.array(p, dtype=np.float32) for p in meta['obj_points']]",
    "board = cv2.aruco.Board(obj_points, dictionary, ids)"
  ]
}